Cum Posey,/nonmlbpa/poseycu99.shtml
Bobby Cox,/managers/coxbo01.shtml
Joe DiMaggio,/players/d/dimagjo01.shtml
Roy Campanella,/players/c/camparo01.shtml
Tom Lasorda,/managers/lasorto01.shtml
Rube Waddell,/players/w/wadderu01.shtml
Chief Bender,/players/b/bendech01.shtml
Tris Speaker,/players/s/speaktr01.shtml
George Weiss,/nonmlbpa/weissge99.shtml
Fergie Jenkins,/players/j/jenkife01.shtml
Tommy Connolly,/nonmlbpa/connoto99.shtml
Kenesaw Landis,/nonmlbpa/landike99.shtml
Billy Evans,/nonmlbpa/evansbi99.shtml
Tom Glavine,/players/g/glavito02.shtml
Rollie Fingers,/players/f/fingero01.shtml
Dave Winfield,/players/w/winfida01.shtml
Bill McKechnie,/managers/mckecbi01.shtml
Mickey Mantle,/players/m/mantlmi01.shtml
Gaylord Perry,/players/p/perryga01.shtml
Pud Galvin,/players/g/galvipu01.shtml
Jocko Conlan,/players/c/conlajo01.shtml
Bobby Wallace,/players/w/wallabo01.shtml
Joe Torre,/players/t/torrejo01.shtml
Biz Mackey,/nonmlbpa/mackebi99.shtml
Willard Brown,/players/b/brownwi02.shtml
Buck Ewing,/players/e/ewingbu01.shtml
Pee Wee Reese,/players/r/reesepe01.shtml
George Wright,/players/w/wrighge01.shtml
Early Wynn,/players/w/wynnea01.shtml
Bill Klem,/nonmlbpa/klembi99.shtml
Luis Aparicio,/players/a/aparilu01.shtml
Jacob Ruppert,/nonmlbpa/ruppeja99.shtml
Carl Yastrzemski,/players/y/yastrca01.shtml
Ernie Banks,/players/b/bankser01.shtml
Larry Doby,/players/d/dobyla01.shtml
Yogi Berra,/players/b/berrayo01.shtml
Frank Thomas,/players/t/thomafr04.shtml
Bill Mazeroski,/players/m/mazerbi01.shtml
Joe Cronin,/players/c/cronijo01.shtml
Don Sutton,/players/s/suttodo01.shtml
Jose Mendez,/nonmlbpa/mendejo99.shtml
Roger Connor,/players/c/connoro01.shtml
Al Barlick,/nonmlbpa/barlial99.shtml
Paul Molitor,/players/m/molitpa01.shtml
Jim Bottomley,/players/b/bottoji01.shtml
Barney Dreyfuss,/nonmlbpa/dreyfba99.shtml
Billy Hamilton,/players/h/hamilbi01.shtml
Jimmie Foxx,/players/f/foxxji01.shtml
Hank Aaron,/players/a/aaronha01.shtml
Mel Ott,/players/o/ottme01.shtml
Smokey Joe Williams,/nonmlbpa/willijo99.shtml
King Kelly,/players/k/kellyki01.shtml
Ted Williams,/players/w/willite01.shtml
Dennis Eckersley,/players/e/eckerde01.shtml
Alex Pompez,/nonmlbpa/pompeal99.shtml
Duke Snider,/players/s/snidedu01.shtml
Joe Morgan,/players/m/morgajo02.shtml
Al Simmons,/players/s/simmoal01.shtml
Earl Weaver,/managers/weaveea99.shtml
Tom Seaver,/players/s/seaveto01.shtml
Hal Newhouser,/players/n/newhoha01.shtml
Happy Chandler,/nonmlbpa/chandha99.shtml
Charlie Gehringer,/players/g/gehrich01.shtml
Tony Gwynn,/players/g/gwynnto01.shtml
Buck Leonard,/nonmlbpa/leonabu99.shtml
Kid Nichols,/players/n/nichoki01.shtml
Eddie Mathews,/players/m/matheed01.shtml
Cal Ripken,/players/r/ripkeca01.shtml
John Ward,/players/w/wardjo01.shtml
Tony La Russa,/managers/larusto01.shtml
Effa Manley,/nonmlbpa/manleef99.shtml
Harry Heilmann,/players/h/heilmha01.shtml
Larry MacPhail,/nonmlbpa/macphla99.shtml
Christy Mathewson,/players/m/mathech01.shtml
Zack Wheat,/players/w/wheatza01.shtml
Willie Keeler,/players/k/keelewi01.shtml
Joe McGinnity,/players/m/mcginjo01.shtml
Arky Vaughan,/players/v/vaughar01.shtml
Leon Day,/nonmlbpa/dayle99.shtml
Roberto Clemente,/players/c/clemero01.shtml
Bill Veeck,/nonmlbpa/veeckbi99.shtml
Pete Hill,/nonmlbpa/hillpe99.shtml
Ben Taylor,/nonmlbpa/taylobe99.shtml
Jim Bunning,/players/b/bunniji01.shtml
Tom Yawkey,/nonmlbpa/yawketo99.shtml
Billy Williams,/players/w/willibi01.shtml
Earl Averill,/players/a/averiea01.shtml
George Sisler,/players/s/sislege01.shtml
Chick Hafey,/players/h/hafeych01.shtml
Jud Wilson,/nonmlbpa/wilsoju99.shtml
Lee MacPhail,/nonmlbpa/macphle99.shtml
Whitey Ford,/players/f/fordwh01.shtml
Hank Greenberg,/players/g/greenha01.shtml
Catfish Hunter,/players/h/hunteca01.shtml
Jimmy Collins,/players/c/colliji01.shtml
Cool Papa Bell,/nonmlbpa/bellco99.shtml
Eddie Murray,/players/m/murraed02.shtml
Bruce Sutter,/players/s/suttebr01.shtml
Harry Hooper,/players/h/hoopeha01.shtml
Monte Irvin,/players/i/irvinmo01.shtml
High Pockets Kelly,/players/k/kellyge01.shtml
Hughie Jennings,/players/j/jennihu01.shtml
Ray Dandridge,/nonmlbpa/dandrra99.shtml
Ted Lyons,/players/l/lyonste01.shtml
Nellie Fox,/players/f/foxne01.shtml
Bid McPhee,/players/m/mcphebi01.shtml
Mordecai Brown,/players/b/brownmo01.shtml
Don Drysdale,/players/d/drysddo01.shtml
Rickey Henderson,/players/h/henderi01.shtml
Whitey Herzog,/managers/herzowh01.shtml
Ozzie Smith,/players/s/smithoz01.shtml
Burleigh Grimes,/players/g/grimebu01.shtml
Stan Musial,/players/m/musiast01.shtml
Kirby Puckett,/players/p/puckeki01.shtml
William Hulbert,/nonmlbpa/hulbewi99.shtml
Bill McGowan,/nonmlbpa/mcgowbi99.shtml
Carl Hubbell,/players/h/hubbeca01.shtml
Hilton Smith,/nonmlbpa/smithhi99.shtml
Doug Harvey,/nonmlbpa/harvedo99.shtml
Amos Rusie,/players/r/rusieam01.shtml
Paul Waner,/players/w/wanerpa01.shtml
Nestor Chylak,/nonmlbpa/chylane99.shtml
Josh Gibson,/nonmlbpa/gibsojo99.shtml
Red Schoendienst,/players/s/schoere01.shtml
Orlando Cepeda,/players/c/cepedor01.shtml
Edd Roush,/players/r/roushed01.shtml
Gary Carter,/players/c/cartega01.shtml
Dan Brouthers,/players/b/broutda01.shtml
Billy Southworth,/players/s/southbi01.shtml
Hugh Duffy,/players/d/duffyhu01.shtml
Lou Boudreau,/players/b/boudrlo01.shtml
Henry Chadwick,/nonmlbpa/chadwhe99.shtml
Rabbit Maranville,/players/m/maranra01.shtml
Jim Rice,/players/r/riceji01.shtml
Eddie Collins,/players/c/collied01.shtml
Johnny Mize,/players/m/mizejo01.shtml
Oscar Charleston,/nonmlbpa/charlos99.shtml
Al Spalding,/players/s/spaldal01.shtml
Johnny Evers,/players/e/eversjo01.shtml
Connie Mack,/managers/mackco01.shtml
Frank Chance,/players/c/chancfr01.shtml
Frank Robinson,/players/r/robinfr02.shtml
Ray Brown,/nonmlbpa/brownra99.shtml
Pop Lloyd,/nonmlbpa/lloydjo99.shtml
Miller Huggins,/players/h/huggimi01.shtml
Bert Blyleven,/players/b/blylebe01.shtml
George Kell,/players/k/kellge01.shtml
Robin Roberts,/players/r/roberro01.shtml
Nolan Ryan,/players/r/ryanno01.shtml
Stan Coveleski,/players/c/covelst01.shtml
Cal Hubbard,/nonmlbpa/hubbaca99.shtml
Joe Sewell,/players/s/seweljo01.shtml
Charlie Comiskey,/players/c/comisch01.shtml
Jackie Robinson,/players/r/robinja02.shtml
Freddie Lindstrom,/players/l/lindsfr01.shtml
Dizzy Dean,/players/d/deandi01.shtml
Ford Frick,/nonmlbpa/frickfo99.shtml
Walter O'Malley,/nonmlbpa/o'malwa99.shtml
Louis Santop,/nonmlbpa/santolo99.shtml
Pedro Martinez,/players/m/martipe02.shtml
Barry Larkin,/players/l/larkiba01.shtml
Candy Cummings,/players/c/cummica01.shtml
Bill Terry,/players/t/terrybi01.shtml
Babe Ruth,/players/r/ruthba01.shtml
Cap Anson,/players/a/ansonca01.shtml
Frankie Frisch,/players/f/friscfr01.shtml
Earle Combs,/players/c/combsea01.shtml
Warren Giles,/nonmlbpa/gileswa99.shtml
Heinie Manush,/players/m/manushe01.shtml
Harmon Killebrew,/players/k/killeha01.shtml
Jim O'Rourke,/players/o/o'rouji01.shtml
Willie McCovey,/players/m/mccovwi01.shtml
Sandy Koufax,/players/k/koufasa01.shtml
Sparky Anderson,/managers/andersp01.shtml
Mickey Cochrane,/players/c/cochrmi01.shtml
Addie Joss,/players/j/jossad01.shtml
John Smoltz,/players/s/smoltjo01.shtml
Carlton Fisk,/players/f/fiskca01.shtml
Willie Mays,/players/m/mayswi01.shtml
Pie Traynor,/players/t/traynpi01.shtml
Satchel Paige,/players/p/paigesa01.shtml
Bill Foster,/nonmlbpa/fostebi99.shtml
Lou Gehrig,/players/g/gehrilo01.shtml
Rick Ferrell,/players/f/ferreri01.shtml
Rube Marquard,/players/m/marquru01.shtml
Lloyd Waner,/players/w/wanerll01.shtml
Ty Cobb,/players/c/cobbty01.shtml
Bill Dickey,/players/d/dickebi01.shtml
Luke Appling,/players/a/applilu01.shtml
Branch Rickey,/managers/rickebr01.shtml
Al Kaline,/players/k/kalinal01.shtml
George Davis,/players/d/davisge01.shtml
Will Harridge,/nonmlbpa/harriwi99.shtml
Frank Selee,/managers/seleefr99.shtml
Walter Alston,/managers/alstowa01.shtml
Willie Wells,/nonmlbpa/wellswi99.shtml
Hank O'Day,/players/o/o'dayha01.shtml
Sam Crawford,/players/c/crawfsa01.shtml
Goose Goslin,/players/g/gosligo01.shtml
Ernie Lombardi,/players/l/lombaer01.shtml
Billy Herman,/players/h/hermabi01.shtml
Ray Schalk,/players/s/schalra01.shtml
Ed Walsh,/players/w/walshed01.shtml
Craig Biggio,/players/b/biggicr01.shtml
Reggie Jackson,/players/j/jacksre01.shtml
Harry Wright,/managers/wrighha01.shtml
Wade Boggs,/players/b/boggswa01.shtml
Jim Palmer,/players/p/palmeji01.shtml
Eppa Rixey,/players/r/rixeyep01.shtml
Herb Pennock,/players/p/pennohe01.shtml
John Clarkson,/players/c/clarkjo01.shtml
Andy Cooper,/nonmlbpa/coopean99.shtml
J.L. Wilkinson,/nonmlbpa/wilkijl99.shtml
Red Ruffing,/players/r/ruffire01.shtml
Deacon White,/players/w/whitede01.shtml
Tommy McCarthy,/players/m/mccarto01.shtml
Cy Young,/players/y/youngcy01.shtml
Tony Lazzeri,/players/l/lazzeto01.shtml
Waite Hoyt,/players/h/hoytwa01.shtml
Rich Gossage,/players/g/gossari01.shtml
Casey Stengel,/managers/stengca01.shtml
Roger Bresnahan,/players/b/bresnro01.shtml
Honus Wagner,/players/w/wagneho01.shtml
Red Faber,/players/f/faberre01.shtml
Mickey Welch,/players/w/welchmi01.shtml
Sam Rice,/players/r/ricesa01.shtml
Jack Chesbro,/players/c/chesbja01.shtml
Bowie Kuhn,/nonmlbpa/kuhnbo99.shtml
Max Carey,/players/c/careyma01.shtml
Andre Dawson,/players/d/dawsoan01.shtml
Greg Maddux,/players/m/maddugr01.shtml
Bob Gibson,/players/g/gibsobo01.shtml
Clark Griffith,/players/g/griffcl01.shtml
Steve Carlton,/players/c/carltst01.shtml
Elmer Flick,/players/f/flickel01.shtml
Leo Durocher,/managers/durocle01.shtml
Bob Feller,/players/f/fellebo01.shtml
Richie Ashburn,/players/a/ashburi01.shtml
Randy Johnson,/players/j/johnsra05.shtml
Jesse Burkett,/players/b/burkeje01.shtml
Kiki Cuyler,/players/c/cuyleki01.shtml
Johnny Bench,/players/b/benchjo01.shtml
Joe McCarthy,/managers/mccarjo99.shtml
Martin Dihigo,/nonmlbpa/dihigma99.shtml
George Brett,/players/b/brettge01.shtml
Pat Gillick,/nonmlbpa/gillipa99.shtml
Nap Lajoie,/players/l/lajoina01.shtml
Turkey Stearnes,/nonmlbpa/steartu99.shtml
Bob Lemon,/players/l/lemonbo01.shtml
Rod Carew,/players/c/carewro01.shtml
Ed Barrow,/managers/barroed99.shtml
Joe Gordon,/players/g/gordojo01.shtml
Tim Keefe,/players/k/keefeti01.shtml
Vic Willis,/players/w/willivi01.shtml
Dazzy Vance,/players/v/vanceda01.shtml
Juan Marichal,/players/m/maricju01.shtml
Old Hoss Radbourn,/players/r/radboch01.shtml
Willie Stargell,/players/s/stargwi01.shtml
Sol White,/nonmlbpa/whiteso99.shtml
Joe Tinker,/players/t/tinkejo01.shtml
Ban Johnson,/nonmlbpa/johnsba99.shtml
Lefty Gomez,/players/g/gomezle01.shtml
Bobby Doerr,/players/d/doerrbo01.shtml
Home Run Baker,/players/b/bakerfr01.shtml
Phil Niekro,/players/n/niekrph01.shtml
Bucky Harris,/managers/harribu01.shtml
Morgan Bulkeley,/nonmlbpa/bulkemo99.shtml
Frank Grant,/nonmlbpa/grantfr99.shtml
Alexander Cartwright,/nonmlbpa/cartwal99.shtml
Tony Perez,/players/p/perezto01.shtml
Al Lopez,/players/l/lopezal01.shtml
Phil Rizzuto,/players/r/rizzuph01.shtml
Hack Wilson,/players/w/wilsoha01.shtml
Dick Williams,/managers/willidi02.shtml
Pete Alexander,/players/a/alexape01.shtml
Jake Beckley,/players/b/becklja01.shtml
Ed Delahanty,/players/d/delahed01.shtml
Chuck Klein,/players/k/kleinch01.shtml
Judy Johnson,/nonmlbpa/johnsju99.shtml
Ralph Kiner,/players/k/kinerra01.shtml
Eddie Plank,/players/p/planked01.shtml
Joe Kelley,/players/k/kellejo01.shtml
Walter Johnson,/players/j/johnswa01.shtml
Lefty Grove,/players/g/grovele01.shtml
Roberto Alomar,/players/a/alomaro01.shtml
Travis Jackson,/players/j/jackstr01.shtml
Joe Medwick,/players/m/medwijo01.shtml
Gabby Hartnett,/players/h/hartnga01.shtml
Dave Bancroft,/players/b/bancrda01.shtml
Hoyt Wilhelm,/players/w/wilheho01.shtml
Wilbert Robinson,/managers/robinwi01.shtml
Fred Clarke,/players/c/clarkfr01.shtml
John McGraw,/managers/mcgrajo01.shtml
Ross Youngs,/players/y/youngro01.shtml
Sam Thompson,/players/t/thompsa01.shtml
Warren Spahn,/players/s/spahnwa01.shtml
Robin Yount,/players/y/yountro01.shtml
Cristobal Torriente,/nonmlbpa/torricr99.shtml
Bullet Rogan,/nonmlbpa/roganbu99.shtml
Mike Schmidt,/players/s/schmimi01.shtml
Brooks Robinson,/players/r/robinbr01.shtml
Ned Hanlon,/players/h/hanlone01.shtml
Enos Slaughter,/players/s/slaugen01.shtml
Ryne Sandberg,/players/s/sandbry01.shtml
Lou Brock,/players/b/brocklo01.shtml
Rube Foster,/nonmlbpa/fosteru99.shtml
Mule Suttles,/nonmlbpa/suttlmu99.shtml
Rogers Hornsby,/players/h/hornsro01.shtml
Ron Santo,/players/s/santoro01.shtml
Jesse Haines,/players/h/haineje01.shtml
